Region,Crop,Season,Soil_Type,Yield
Ahmednagar,"Jowar, Bajra, Groundnut, Wheat, Sugarcane, Cotton, Grapes","Kharif and Rabi","Greyish black to clayey soils","Medium"
Akola,"Cotton, Jowar, Bajra, Soybean, Tur","Kharif and Rabi","Deep black cotton soils (Vertisols)","Medium"
Amravati,"Cotton, Jowar, Tur, Wheat","Kharif and Rabi","Medium to deep black soils","Low"
Aurangabad,"Cotton, Jowar, Bajra, Safflower, Wheat","Kharif and Rabi","Medium to deep black soils","Low"
Beed,"Soybean, Pigeon Pea, Pearl Millet, Maize, Black Gram, Sorghum, Groundnut, Sunflower, Cotton, Sugarcane","Kharif and Rabi","Medium black soils","Low"
Bhandara,"Paddy, Soybean, Pigeonpea, Wheat, Gram, Summer Groundnut","Kharif and Rabi","Brown to red, slightly acidic soils","Medium‑Low"
Buldhana,"Bajra, Jowar, Wheat, Pulses, Cotton, Soybean, Sugarcane, Banana, Groundnut, Sunflower","Kharif and Rabi","Medium black soils","Low"
Chandrapur,"Paddy, Pulses, Oilseeds, Cotton","Kharif and Rabi","Brown to red, slightly acidic soils","Low"
Dhule,"Cotton, Bajra, Jowar, Groundnut, Maize, Soybean, Wheat, Gram","Kharif and Rabi","Greyish black soils","Low"
Gadchiroli,"Paddy, Soybean, Cotton, Jowar, Pulses, Oilseeds","Kharif and Rabi","Clayey, sandy loam, deep black, reddish/yellowish‑brown soils","Low"
Gondia,"Paddy, Pulses, Oilseeds","Kharif and Rabi","Brown to red, slightly acidic soils","Low"
Hingoli,"Jowar, Bajra, Cotton, Pulses","Kharif and Rabi","Medium black soils","Low"
Jalgaon,"Onion, Vegetables, Maize, Mustard, Small Millet, Soybean, Ginger, Wheat, Tur, Jowar, Bajra, Pulses, Oilseeds","Kharif and Rabi","Greyish black soils","Low"
Jalna,"Cotton, Jowar, Bajra, Safflower, Wheat","Kharif and Rabi","Medium black soils","Low"
Kolhapur,"Rice, Ragi, Jowar, Mango, Cashewnut, Jackfruit, Jamun","Kharif and Rabi","Light laterite & reddish brown acidic soils","High"
Latur,"Tur (Pigeon Pea), Jowar, Bajra, Soybean, Sunflower","Kharif and Rabi","Medium black soils","Low"
Mumbai City & Suburban,"Urban horticulture","N/A","Urban soils (minimal agri.)","N/A"
Nagpur,"Cotton, Jowar, Tur, Wheat","Kharif and Rabi","Medium to deep black soils","Low"
Nanded,"Cotton, Jowar, Bajra, Safflower, Wheat","Kharif and Rabi","Shallow to deep black soils, slightly/moderately alkaline","Low"
Nandurbar,"Jowar, Bajra, Groundnut, Wheat, Sugarcane","Kharif and Rabi","Greyish black soils","Very Low"
Nashik,"Jowar, Bajra, Groundnut, Wheat, Sugarcane, Grapes","Kharif and Rabi","Greyish black soils","Low"
Osmanabad,"Tur (Pigeon Pea), Urad, Soybean, Sunflower","Kharif and Rabi","Medium black soils","Low"
Palghar,"Rice, Banana, Chikoo","Kharif and Rabi","Coarse & shallow, rich in N, poor in K/K₂O","Not specified"
Parbhani,"Jowar, Bajra, Safflower, Cotton","Kharif and Rabi","Medium black soils","Low"
Pune,"Rice, Banana, Mango, Guava, Cashew, Grapes","Kharif and Rabi","Reddish brown to black, rich in N, poor in P/K₂O","Low"
Raigad,"Rice, Banana, Chikoo","Kharif and Rabi","Coarse & shallow, rich in N, poor in K/K₂O","High"
Ratnagiri,"Rice, Mango, Coconut, Arecanut, Cashewnut","Kharif and Rabi","Laterite, acidic & poor in N/K₂O","High"
Sangli,"Wheat, Jowar, Bajra, Gram, Cotton, Maize, Tur, Saffron, Sugarcane, Groundnut, Pomegranate","Kharif and Rabi","Medium to deep black soils","High"
Satara,"Rice, Ragi, Jowar, Mango, Cashewnut, Jackfruit, Jamun","Kharif and Rabi","Medium to deep black; lighter on slopes; laterite in hills","Low"
Sindhudurg,"Rice, Mango, Coconut, Arecanut, Cashewnut","Kharif and Rabi","Laterite, acidic & poor in N/K₂O","High"
Solapur,"Bajra, Jowar, Groundnut, Wheat, Sugarcane, Cotton, Pomegranate","Kharif and Rabi","Clayey, poor in N, low in P, well supplied in K₂O","Low"
Thane,"Rice, Finger Millet, Urad, Moong, Chikoo, Guava, Mango, Papaya, Grapefruit, Coconut","Kharif and Rabi","Coarse & shallow, rich in N, poor in K/K₂O","Medium‑Low"
Wardha,"Cotton, Jowar, Wheat, Pulses","Kharif and Rabi","Black or dark brown volcanic‐trap soils","Low"
Washim,"Jowar, Bajra, Cotton, Pulses","Kharif and Rabi","Medium black soils","Low"
Yavatmal,"Paddy, Soybean, Cotton, Jowar, Tur, Gram, Groundnut","Kharif and Rabi","Greyish black soils","Very Low"
Ajmer,"Wheat, Barley, Gram, Mustard, Bajra","Kharif & Rabi","Old alluvial & Hill (Lithosols)","Medium"
Alwar,"Bajra, Maize, Jowar, Gram, Mustard","Kharif & Rabi","New alluvial","Medium"
Banswara,"Maize, Bajra, Groundnut, Tur","Kharif & Rabi","Red loam","Medium"
Baran,"Wheat, Maize, Gram, Soybean","Kharif & Rabi","Black soil (Deccan trap) & Alluvial","High"
Barmer,"Bajra, Guar, Moth, Sesame","Kharif","Desert soil","Low"
Bharatpur,"Wheat, Mustard, Barley, Gram","Rabi & Kharif","Alluvial","High"
Bhilwara,"Wheat, Gram, Mustard, Maize","Kharif & Rabi","Hill soils (Lithosols) & Red loam","Medium"
Bikaner,"Bajra, Guar, Moth, Sesame","Kharif","Desert soil","Low"
Bundi,"Soybean, Wheat, Maize, Gram","Kharif & Rabi","Brown soil & Black soil","Medium"
Chittorgarh,"Soybean, Wheat, Gram, Maize","Kharif & Rabi","Brown soil & Old alluvial","Medium"
Churu,"Bajra, Guar, Moth, Sesame","Kharif","Desert soil","Low"
Dausa,"Wheat, Barley, Gram, Mustard","Rabi & Kharif","New alluvial","High"
Dholpur,"Rice, Wheat, Mustard, Gram","Kharif & Rabi","Alluvial","High"
Dungarpur,"Maize, Bajra, Groundnut, Tur","Kharif & Rabi","Red loam","Medium"
Ganganagar (Sri Ganganagar),"Wheat, Rice, Cotton, Mustard","Rabi & Kharif","Alluvial","High"
Hanumangarh,"Wheat, Mustard, Barley, Gram","Rabi & Kharif","Desert & Alluvial","Medium"
Jaipur,"Wheat, Barley, Gram, Mustard","Rabi & Kharif","New alluvial & Sierozems","High"
Jaisalmer,"Bajra, Guar, Moth","Kharif","Dunes & associated soils","Low"
Jalore,"Bajra, Guar, Moth, Sesame","Kharif","Desert & Saline‑Sodic soils","Low"
Jhalawar,"Soybean, Wheat, Maize, Gram","Kharif & Rabi","Black soil & Alluvial","Medium"
Jhunjhunu,"Wheat, Barley, Gram, Mustard","Rabi & Kharif","Desert transition soils","Low"
Jodhpur,"Bajra, Guar, Moth, Sesame","Kharif","Desert soil","Low"
Kota,"Soybean, Maize, Wheat, Gram","Kharif & Rabi","Black soil (trap) & Alluvial","High"
Nagaur,"Bajra, Guar, Moth, Sesame","Kharif","Desert soil","Low"
Pali,"Maize, Wheat, Gram, Mustard","Kharif & Rabi","Red loam & Hill soils","Medium"
Pratapgarh,"Maize, Bajra, Tur, Gram","Kharif & Rabi","Red loam","Medium"
Rajsamand,"Maize, Bajra, Gram, Mustard","Kharif & Rabi","Hill soils (Lithosols)","Medium"
Sawai Madhopur,"Soybean, Wheat, Maize, Gram","Kharif & Rabi","Brown soil","Medium"
Sikar,"Wheat, Barley, Gram, Mustard","Rabi & Kharif","Sierozems","Low"
Sirohi,"Maize, Bajra, Gram, Mustard","Kharif & Rabi","Red loam & Hill soils","Medium"
Tonk,"Wheat, Barley, Gram, Mustard","Rabi & Kharif","Old alluvial & Brown soil","High"
Udaipur,"Maize, Bajra, Gram, Groundnut","Kharif & Rabi","Red loam & Alluvial","Medium"
Ahmedabad,"Cotton, Groundnut, Wheat, Gram, Castor","Kharif & Rabi","Mixed red and black soils","High"
Amreli,"Groundnut, Cotton, Bajra, Wheat, Sesame","Kharif & Rabi","Mixed red and black soils","Medium"
Anand,"Paddy, Wheat, Maize, Sugarcane, Gram","Kharif & Rabi","Alluvial soils","High"
Aravalli,"Wheat, Gram, Mustard, Bajra, Maize","Kharif & Rabi","Laterite soils","Medium"
Banaskantha,"Bajra, Guar, Wheat, Gram, Mustard","Kharif & Rabi","Alluvial soils","Medium"
Bharuch,"Paddy, Sugarcane, Wheat, Gram, Groundnut","Kharif & Rabi","Alluvial soils","High"
Bhavnagar,"Groundnut, Cotton, Bajra, Sesame","Kharif & Rabi","Saline and alkaline soils","Medium"
Botad,"Groundnut, Cotton, Bajra, Sesame","Kharif & Rabi","Mixed red and black soils","Medium"
Chhota Udaipur,"Rice, Wheat, Maize, Gram","Kharif & Rabi","Laterite soils","Medium"
Dahod,"Groundnut, Cotton, Wheat, Gram, Castor","Kharif & Rabi","Mixed red and black soils","Medium"
Dang,"Paddy, Banana, Cashew, Sugarcane","Kharif & Rabi","Laterite soils","Low"
Devbhoomi Dwarka,"Cotton, Groundnut, Bajra","Kharif & Rabi","Saline and alkaline soils","Medium"
Gandhinagar,"Wheat, Groundnut, Gram, Cotton","Kharif & Rabi","Mixed red and black soils","High"
Gir Somnath,"Groundnut, Cotton, Bajra","Kharif & Rabi","Saline and alkaline soils","Medium"
Jamnagar,"Groundnut, Cotton, Sesame, Castor","Kharif & Rabi","Residual sandy soils","Medium"
Junagadh,"Groundnut, Cotton, Bajra, Jowar","Kharif & Rabi","Mixed red and black soils","Medium"
Kutch,"Bajra, Castor, Groundnut, Cotton","Kharif & Rabi","Desert soils","Low"
Kheda,"Cotton, Groundnut, Wheat, Gram","Kharif & Rabi","Alluvial soils","High"
Mahisagar,"Wheat, Gram, Maize, Groundnut","Kharif & Rabi","Alluvial soils","Medium"
Mehsana,"Wheat, Bajra, Guar, Gram","Kharif & Rabi","Alluvial soils","Medium"
Morbi,"Cotton, Groundnut, Bajra","Kharif & Rabi","Alluvial soils","Medium"
Narmada,"Paddy, Banana, Sugarcane, Wheat","Kharif & Rabi","Alluvial soils","High"
Navsari,"Rice, Cashew, Banana, Vegetables","Kharif & Rabi","Laterite soils","High"
Panchmahal,"Wheat, Maize, Gram, Groundnut","Kharif & Rabi","Mixed red and black soils","High"
Patan,"Bajra, Guar, Wheat, Gram","Kharif & Rabi","Alluvial soils","Medium"
Porbandar,"Groundnut, Cotton, Bajra","Kharif & Rabi","Saline and alkaline soils","Medium"
Rajkot,"Groundnut, Cotton, Bajra, Sesame","Kharif & Rabi","Residual sandy soils","Medium"
Sabarkantha,"Wheat, Gram, Mustard, Bajra","Kharif & Rabi","Mixed red and black soils","Medium"
Surat,"Paddy, Sugarcane, Banana, Vegetables","Kharif & Rabi","Alluvial soils","High"
Surendranagar,"Bajra, Groundnut, Sesame","Kharif & Rabi","Red soils","Medium"
Tapi,"Paddy, Banana, Sugarcane, Maize","Kharif & Rabi","Alluvial soils","High"
Vadodara,"Cotton, Groundnut, Wheat, Gram","Kharif & Rabi","Alluvial soils","High"
Valsad,"Paddy, Cashew, Banana, Vegetables","Kharif & Rabi","Laterite soils","High"
Vav‑Tharad,"Bajra, Guar, Wheat, Gram","Kharif & Rabi","Alluvial soils","Medium"
Agar Malwa,"Soybean, Wheat, Gram, Maize, Lentils","Kharif & Rabi","Black cotton soils","High"
Alirajpur,"Paddy, Maize, Pulses, Groundnut, Sesame","Kharif & Rabi","Laterite soils","Low"
Anuppur,"Paddy, Maize, Pulses, Groundnut, Wheat","Kharif & Rabi","Laterite & red soils","Low"
Ashoknagar,"Wheat, Gram, Mustard, Bajra, Lentils","Kharif & Rabi","Alluvial soils","Medium"
Balaghat,"Paddy, Wheat, Maize, Gram, Pulses","Kharif & Rabi","Red & laterite soils","Medium"
Barwani,"Bajra, Wheat, Pulses, Linseed, Jowar","Kharif & Rabi","Red soils","Low"
Betul,"Soybean, Wheat, Maize, Gram, Lentils","Kharif & Rabi","Alluvial & black soils","Medium"
Bhind,"Wheat, Mustard, Gram, Bajra, Lentils","Kharif & Rabi","Alluvial soils","Medium"
Bhopal,"Wheat, Gram, Lentils, Mustard, Maize","Kharif & Rabi","Black & alluvial soils","Medium"
Burhanpur,"Cotton, Soybean, Wheat, Gram, Lentils","Kharif & Rabi","Black soils","Medium"
Chhatarpur,"Wheat, Gram, Lentils, Mustard, Barley","Kharif & Rabi","Red & yellow soils","Low"
Chhindwara,"Soybean, Wheat, Gram, Maize, Pulses","Kharif & Rabi","Black soils","Medium"
Damoh,"Wheat, Gram, Lentils, Mustard, Barley","Kharif & Rabi","Red & yellow soils","Low"
Datia,"Wheat, Gram, Bajra, Lentils, Mustard","Kharif & Rabi","Alluvial soils","Medium"
Dewas,"Soybean, Wheat, Gram, Maize, Lentils","Kharif & Rabi","Black soils","High"
Dhar,"Soybean, Wheat, Maize, Gram, Pulses","Kharif & Rabi","Black & laterite soils","High"
Dindori,"Paddy, Maize, Pulses, Groundnut, Sesame","Kharif & Rabi","Laterite soils","Low"
Guna,"Wheat, Gram, Mustard, Bajra, Lentils","Kharif & Rabi","Alluvial soils","Medium"
Gwalior,"Wheat, Mustard, Gram, Bajra, Lentils","Kharif & Rabi","Alluvial soils","Medium"
Harda,"Paddy, Wheat, Gram, Sugarcane, Maize","Kharif & Rabi","Alluvial soils","Medium"
Hoshangabad,"Paddy, Wheat, Gram, Sugarcane, Maize","Kharif & Rabi","Alluvial soils","Medium"
Indore,"Soybean, Wheat, Gram, Maize, Lentils","Kharif & Rabi","Black soils","High"
Jabalpur,"Paddy, Wheat, Maize, Gram, Pulses","Kharif & Rabi","Red & yellow soils","Medium"
Jhabua,"Soybean, Wheat, Maize, Gram, Pulses","Kharif & Rabi","Black soils","High"
Katni,"Wheat, Paddy, Gram, Lentils, Mustard","Kharif & Rabi","Red soils","Medium"
Khandwa,"Soybean, Wheat, Gram, Maize, Lentils","Kharif & Rabi","Black soils","High"
Khargone,"Soybean, Wheat, Gram, Maize, Pulses","Kharif & Rabi","Black soils","High"
Mandla,"Paddy, Wheat, Maize, Gram, Pulses","Kharif & Rabi","Laterite soils","Medium"
Mandsaur,"Soybean, Wheat, Gram, Maize, Lentils","Kharif & Rabi","Black soils","High"
Morena,"Wheat, Mustard, Gram, Bajra, Lentils","Kharif & Rabi","Alluvial soils","Medium"
Narsinghpur,"Paddy, Wheat, Gram, Sugarcane, Maize","Kharif & Rabi","Alluvial soils","Medium"
Neemuch,"Wheat, Gram, Coriander, Mustard, Lentils","Kharif & Rabi","Alluvial soils","Medium"
Niwari,"Wheat, Gram, Mustard, Bajra, Lentils","Kharif & Rabi","Alluvial soils","Low"
Panna,"Wheat, Gram, Lentils, Mustard, Barley","Kharif & Rabi","Red & yellow soils","Low"
Raisen,"Paddy, Wheat, Gram, Maize, Lentils","Kharif & Rabi","Alluvial soils","Medium"
Rajgarh,"Wheat, Gram, Mustard, Bajra, Lentils","Kharif & Rabi","Alluvial soils","Medium"
Ratlam,"Soybean, Wheat, Gram, Maize, Lentils","Kharif & Rabi","Black soils","High"
Rewa,"Wheat, Gram, Lentils, Mustard, Barley","Kharif & Rabi","Red & yellow soils","Low"
Sagar,"Wheat, Gram, Mustard, Maize, Lentils","Kharif & Rabi","Red & yellow soils","Medium"
Satna,"Wheat, Gram, Lentils, Mustard, Barley","Kharif & Rabi","Red & yellow soils","Low"
Sehore,"Paddy, Wheat, Gram, Sugarcane, Maize","Kharif & Rabi","Alluvial soils","Medium"
Seoni,"Paddy, Wheat, Maize, Gram, Pulses","Kharif & Rabi","Red soils","Medium"
Shahdol,"Paddy, Maize, Pulses, Groundnut, Sesame","Kharif & Rabi","Red laterite soils","Low"
Shajapur,"Soybean, Wheat, Gram, Maize, Lentils","Kharif & Rabi","Black soils","High"
Sheopur,"Wheat, Gram, Pulses, Bajra, Mustard","Kharif & Rabi","Alluvial soils","Medium"
Shivpuri,"Wheat, Gram, Mustard, Bajra, Lentils","Kharif & Rabi","Alluvial soils","Medium"
Sidhi,"Paddy, Maize, Pulses, Groundnut, Sesame","Kharif & Rabi","Red laterite soils","Low"
Singrauli,"Paddy, Maize, Pulses, Groundnut, Sesame","Kharif & Rabi","Laterite soils","Low"
Tikamgarh,"Wheat, Gram, Lentils, Mustard, Barley","Kharif & Rabi","Red soils","Low"
Ujjain,"Soybean, Wheat, Gram, Maize, Lentils","Kharif & Rabi","Black soils","High"
Umaria,"Paddy, Maize, Pulses, Groundnut, Sesame","Kharif & Rabi","Red soils","Low"
Vidisha,"Wheat, Gram, Mustard, Bajra, Lentils","Kharif & Rabi","Alluvial soils","Medium"
Agra,"Rice, Wheat, Maize, Sugarcane, Potato","Kharif & Rabi","Alluvial soils (sandy to clayey loam)","Medium"
Aligarh,"Rice, Wheat, Maize, Sugarcane, Potato","Kharif & Rabi","Alluvial soils (sandy to clayey loam)","Medium"
Ayodhya,"Rice, Wheat, Maize, Sugarcane, Potato","Kharif & Rabi","Alluvial soils (sandy to clayey loam)","Medium"
Ambedkar Nagar,"Rice, Wheat, Maize, Sugarcane, Potato","Kharif & Rabi","Alluvial soils (sandy to clayey loam)","Medium"
Amethi,"Rice, Wheat, Maize, Sugarcane, Potato","Kharif & Rabi","Alluvial soils (sandy to clayey loam)","Medium"
Amroha,"Rice, Wheat, Maize, Sugarcane, Potato","Kharif & Rabi","Alluvial soils (sandy to clayey loam)","Medium"
Auraiya,"Rice, Wheat, Maize, Sugarcane, Potato","Kharif & Rabi","Alluvial soils (sandy to clayey loam)","Medium"
Azamgarh,"Rice, Wheat, Maize, Sugarcane, Potato","Kharif & Rabi","Alluvial soils (sandy to clayey loam)","Medium"
Baghpat,"Rice, Wheat, Maize, Sugarcane, Potato","Kharif & Rabi","Alluvial soils (sandy to clayey loam)","Medium"
Bahraich,"Rice, Wheat, Maize, Sugarcane, Potato","Kharif & Rabi","Alluvial soils (sandy to clayey loam)","Medium"
Ballia,"Rice, Wheat, Maize, Sugarcane, Potato","Kharif & Rabi","Alluvial soils (sandy to clayey loam)","Medium"
Balrampur,"Rice, Wheat, Maize, Sugarcane, Potato","Kharif & Rabi","Alluvial soils (sandy to clayey loam)","Medium"
Banda,"Rice, Wheat, Maize, Sugarcane, Potato","Kharif & Rabi","Alluvial soils (sandy to clayey loam)","Medium"
Barabanki,"Rice, Wheat, Maize, Sugarcane, Potato","Kharif & Rabi","Alluvial soils (sandy to clayey loam)","Medium"
Bareilly,"Rice, Wheat, Maize, Sugarcane, Potato","Kharif & Rabi","Alluvial soils (sandy to clayey loam)","Medium"
Basti,"Rice, Wheat, Maize, Sugarcane, Potato","Kharif & Rabi","Alluvial soils (sandy to clayey loam)","Medium"
Bhadohi,"Rice, Wheat, Maize, Sugarcane, Potato","Kharif & Rabi","Alluvial soils (sandy to clayey loam)","Medium"
Bijnor,"Rice, Wheat, Maize, Sugarcane, Potato","Kharif & Rabi","Alluvial soils (sandy to clayey loam)","Medium"
Budaun,"Rice, Wheat, Maize, Sugarcane, Potato","Kharif & Rabi","Alluvial soils (sandy to clayey loam)","Medium"
Bulandshahr,"Rice, Wheat, Maize, Sugarcane, Potato","Kharif & Rabi","Alluvial soils (sandy to clayey loam)","Medium"
Chandauli,"Rice, Wheat, Maize, Sugarcane, Potato","Kharif & Rabi","Alluvial soils (sandy to clayey loam)","Medium"
Chitrakoot,"Rice, Wheat, Maize, Sugarcane, Potato","Kharif & Rabi","Alluvial soils (sandy to clayey loam)","Medium"
Deoria,"Rice, Wheat, Maize, Sugarcane, Potato","Kharif & Rabi","Alluvial soils (sandy to clayey loam)","Medium"
Etah,"Rice, Wheat, Maize, Sugarcane, Potato","Kharif & Rabi","Alluvial soils (sandy to clayey loam)","Medium"
Etawah,"Rice, Wheat, Maize, Sugarcane, Potato","Kharif & Rabi","Alluvial soils (sandy to clayey loam)","Medium"
Farrukhabad,"Rice, Wheat, Maize, Sugarcane, Potato","Kharif & Rabi","Alluvial soils (sandy to clayey loam)","Medium"
Fatehpur,"Rice, Wheat, Maize, Sugarcane, Potato","Kharif & Rabi","Alluvial soils (sandy to clayey loam)","Medium"
Firozabad,"Rice, Wheat, Maize, Sugarcane, Potato","Kharif & Rabi","Alluvial soils (sandy to clayey loam)","Medium"
Gautam Buddha Nagar,"Rice, Wheat, Maize, Sugarcane, Potato","Kharif & Rabi","Alluvial soils (sandy to clayey loam)","Medium"
Ghaziabad,"Rice, Wheat, Maize, Sugarcane, Potato","Kharif & Rabi","Alluvial soils (sandy to clayey loam)","Medium"
Ghazipur,"Rice, Wheat, Maize, Sugarcane, Potato","Kharif & Rabi","Alluvial soils (sandy to clayey loam)","Medium"
Gonda,"Rice, Wheat, Maize, Sugarcane, Potato","Kharif & Rabi","Alluvial soils (sandy to clayey loam)","Medium"
Gorakhpur,"Rice, Wheat, Maize, Sugarcane, Potato","Kharif & Rabi","Alluvial soils (sandy to clayey loam)","Medium"
Hamirpur,"Rice, Wheat, Maize, Sugarcane, Potato","Kharif & Rabi","Alluvial soils (sandy to clayey loam)","Medium"
Hapur,"Rice, Wheat, Maize, Sugarcane, Potato","Kharif & Rabi","Alluvial soils (sandy to clayey loam)","Medium"
Hardoi,"Rice, Wheat, Maize, Sugarcane, Potato","Kharif & Rabi","Alluvial soils (sandy to clayey loam)","Medium"
Hathras,"Rice, Wheat, Maize, Sugarcane, Potato","Kharif & Rabi","Alluvial soils (sandy to clayey loam)","Medium"
Jalaun,"Rice, Wheat, Maize, Sugarcane, Potato","Kharif & Rabi","Alluvial soils (sandy to clayey loam)","Medium"
Jaunpur,"Rice, Wheat, Maize, Sugarcane, Potato","Kharif & Rabi","Alluvial soils (sandy to clayey loam)","Medium"
Jhansi,"Rice, Wheat, Maize, Sugarcane, Potato","Kharif & Rabi","Alluvial soils (sandy to clayey loam)","Medium"
Kannauj,"Rice, Wheat, Maize, Sugarcane, Potato","Kharif & Rabi","Alluvial soils (sandy to clayey loam)","Medium"
Kanpur Dehat,"Rice, Wheat, Maize, Sugarcane, Potato","Kharif & Rabi","Alluvial soils (sandy to clayey loam)","Medium"
Kanpur Nagar,"Rice, Wheat, Maize, Sugarcane, Potato","Kharif & Rabi","Alluvial soils (sandy to clayey loam)","Medium"
Kasganj,"Rice, Wheat, Maize, Sugarcane, Potato","Kharif & Rabi","Alluvial soils (sandy to clayey loam)","Medium"
Kaushambi,"Rice, Wheat, Maize, Sugarcane, Potato","Kharif & Rabi","Alluvial soils (sandy to clayey loam)","Medium"
Kushinagar,"Rice, Wheat, Maize, Sugarcane, Potato","Kharif & Rabi","Alluvial soils (sandy to clayey loam)","Medium"
Lakhimpur Kheri,"Rice, Wheat, Maize, Sugarcane, Potato","Kharif & Rabi","Alluvial soils (sandy to clayey loam)","Medium"
Lalitpur,"Rice, Wheat, Maize, Sugarcane, Potato","Kharif & Rabi","Alluvial soils (sandy to clayey loam)","Medium"
Lucknow,"Rice, Wheat, Maize, Sugarcane, Potato","Kharif & Rabi","Alluvial soils (sandy to clayey loam)","Medium"
Maharajganj,"Rice, Wheat, Maize, Sugarcane, Potato","Kharif & Rabi","Alluvial soils (sandy to clayey loam)","Medium"
Mahoba,"Rice, Wheat, Maize, Sugarcane, Potato","Kharif & Rabi","Alluvial soils (sandy to clayey loam)","Medium"
Mainpuri,"Rice, Wheat, Maize, Sugarcane, Potato","Kharif & Rabi","Alluvial soils (sandy to clayey loam)","Medium"
Mathura,"Rice, Wheat, Maize, Sugarcane, Potato","Kharif & Rabi","Alluvial soils (sandy to clayey loam)","Medium"
Mau,"Rice, Wheat, Maize, Sugarcane, Potato","Kharif & Rabi","Alluvial soils (sandy to clayey loam)","Medium"
Meerut,"Rice, Wheat, Maize, Sugarcane, Potato","Kharif & Rabi","Alluvial soils (sandy to clayey loam)","Medium"
Mirzapur,"Rice, Wheat, Maize, Sugarcane, Potato","Kharif & Rabi","Alluvial soils (sandy to clayey loam)","Medium"
Moradabad,"Rice, Wheat, Maize, Sugarcane, Potato","Kharif & Rabi","Alluvial soils (sandy to clayey loam)","Medium"
Muzaffarnagar,"Rice, Wheat, Maize, Sugarcane, Potato","Kharif & Rabi","Alluvial soils (sandy to clayey loam)","Medium"
Pilibhit,"Rice, Wheat, Maize, Sugarcane, Potato","Kharif & Rabi","Alluvial soils (sandy to clayey loam)","Medium"
Pratapgarh,"Rice, Wheat, Maize, Sugarcane, Potato","Kharif & Rabi","Alluvial soils (sandy to clayey loam)","Medium"
Prayagraj,"Rice, Wheat, Maize, Sugarcane, Potato","Kharif & Rabi","Alluvial soils (sandy to clayey loam)","Medium"
Raebareli,"Rice, Wheat, Maize, Sugarcane, Potato","Kharif & Rabi","Alluvial soils (sandy to clayey loam)","Medium"
Rampur,"Rice, Wheat, Maize, Sugarcane, Potato","Kharif & Rabi","Alluvial soils (sandy to clayey loam)","Medium"
Saharanpur,"Rice, Wheat, Maize, Sugarcane, Potato","Kharif & Rabi","Alluvial soils (sandy to clayey loam)","Medium"
Sambhal,"Rice, Wheat, Maize, Sugarcane, Potato","Kharif & Rabi","Alluvial soils (sandy to clayey loam)","Medium"
Sant Kabir Nagar,"Rice, Wheat, Maize, Sugarcane, Potato","Kharif & Rabi","Alluvial soils (sandy to clayey loam)","Medium"
Sant Ravidas Nagar,"Rice, Wheat, Maize, Sugarcane, Potato","Kharif & Rabi","Alluvial soils (sandy to clayey loam)","Medium"
Shahjahanpur,"Rice, Wheat, Maize, Sugarcane, Potato","Kharif & Rabi","Alluvial soils (sandy to clayey loam)","Medium"
Shamli,"Rice, Wheat, Maize, Sugarcane, Potato","Kharif & Rabi","Alluvial soils (sandy to clayey loam)","Medium"
Shravasti,"Rice, Wheat, Maize, Sugarcane, Potato","Kharif & Rabi","Alluvial soils (sandy to clayey loam)","Medium"
Siddharthnagar,"Rice, Wheat, Maize, Sugarcane, Potato","Kharif & Rabi","Alluvial soils (sandy to clayey loam)","Medium"
Sitapur,"Rice, Wheat, Maize, Sugarcane, Potato","Kharif & Rabi","Alluvial soils (sandy to clayey loam)","Medium"
Sonbhadra,"Rice, Wheat, Maize, Sugarcane, Potato","Kharif & Rabi","Alluvial soils (sandy to clayey loam)","Medium"
Sultanpur,"Rice, Wheat, Maize, Sugarcane, Potato","Kharif & Rabi","Alluvial soils (sandy to clayey loam)","Medium"
Unnao,"Rice, Wheat, Maize, Sugarcane, Potato","Kharif & Rabi","Alluvial soils (sandy to clayey loam)","Medium"
Varanasi,"Rice, Wheat, Maize, Sugarcane, Potato","Kharif & Rabi","Alluvial soils (sandy to clayey loam)","Medium"
Araria,"Rice, Wheat, Maize, Arhar (Tur), Gram, Potato, Sugarcane","Kharif & Rabi","Alluvial soils (Calcareous clays)","Medium"
Arwal,"Rice, Wheat, Maize, Arhar (Tur), Gram, Potato, Sugarcane","Kharif & Rabi","Alluvial soils (Calcareous clays)","Medium"
Aurangabad,"Rice, Wheat, Maize, Arhar (Tur), Gram, Potato, Sugarcane","Kharif & Rabi","Alluvial soils (Calcareous clays)","Medium"
Banka,"Rice, Wheat, Maize, Arhar (Tur), Gram, Potato, Sugarcane","Kharif & Rabi","Alluvial soils (Calcareous clays)","Medium"
Begusarai,"Rice, Wheat, Maize, Arhar (Tur), Gram, Potato, Sugarcane","Kharif & Rabi","Alluvial soils (Calcareous clays)","Medium"
Bhagalpur,"Rice, Wheat, Maize, Arhar (Tur), Gram, Potato, Sugarcane","Kharif & Rabi","Alluvial soils (Calcareous clays)","Medium"
Bhojpur,"Rice, Wheat, Maize, Arhar (Tur), Gram, Potato, Sugarcane","Kharif & Rabi","Alluvial soils (Calcareous clays)","Medium"
Buxar,"Rice, Wheat, Maize, Arhar (Tur), Gram, Potato, Sugarcane","Kharif & Rabi","Alluvial soils (Calcareous clays)","Medium"
Darbhanga,"Rice, Wheat, Maize, Arhar (Tur), Gram, Potato, Sugarcane","Kharif & Rabi","Alluvial soils (Calcareous clays)","Medium"
East Champaran,"Rice, Wheat, Maize, Arhar (Tur), Gram, Potato, Sugarcane","Kharif & Rabi","Alluvial soils (Calcareous clays)","Medium"
Gaya,"Rice, Wheat, Maize, Arhar (Tur), Gram, Potato, Sugarcane","Kharif & Rabi","Alluvial soils (Calcareous clays)","Medium"
Gopalganj,"Rice, Wheat, Maize, Arhar (Tur), Gram, Potato, Sugarcane","Kharif & Rabi","Alluvial soils (Calcareous clays)","Medium"
Jamui,"Rice, Wheat, Maize, Arhar (Tur), Gram, Potato, Sugarcane","Kharif & Rabi","Alluvial soils (Calcareous clays)","Medium"
Jehanabad,"Rice, Wheat, Maize, Arhar (Tur), Gram, Potato, Sugarcane","Kharif & Rabi","Alluvial soils (Calcareous clays)","Medium"
Khagaria,"Rice, Wheat, Maize, Arhar (Tur), Gram, Potato, Sugarcane","Kharif & Rabi","Alluvial soils (Calcareous clays)","Medium"
Kishanganj,"Rice, Wheat, Maize, Arhar (Tur), Gram, Potato, Sugarcane","Kharif & Rabi","Alluvial soils (Calcareous clays)","Medium"
Kaimur,"Rice, Wheat, Maize, Arhar (Tur), Gram, Potato, Sugarcane","Kharif & Rabi","Alluvial soils (Calcareous clays)","Medium"
Katihar,"Rice, Wheat, Maize, Arhar (Tur), Gram, Potato, Sugarcane","Kharif & Rabi","Alluvial soils (Calcareous clays)","Medium"
Lakhisarai,"Rice, Wheat, Maize, Arhar (Tur), Gram, Potato, Sugarcane","Kharif & Rabi","Alluvial soils (Calcareous clays)","Medium"
Madhepura,"Rice, Wheat, Maize, Arhar (Tur), Gram, Potato, Sugarcane","Kharif & Rabi","Alluvial soils (Calcareous clays)","Medium"
Madhubani,"Rice, Wheat, Maize, Arhar (Tur), Gram, Potato, Sugarcane","Kharif & Rabi","Alluvial soils (Calcareous clays)","Medium"
Munger,"Rice, Wheat, Maize, Arhar (Tur), Gram, Potato, Sugarcane","Kharif & Rabi","Alluvial soils (Calcareous clays)","Medium"
Muzaffarpur,"Rice, Wheat, Maize, Arhar (Tur), Gram, Potato, Sugarcane","Kharif & Rabi","Alluvial soils (Calcareous clays)","Medium"
Nalanda,"Rice, Wheat, Maize, Arhar (Tur), Gram, Potato, Sugarcane","Kharif & Rabi","Alluvial soils (Calcareous clays)","Medium"
Nawada,"Rice, Wheat, Maize, Arhar (Tur), Gram, Potato, Sugarcane","Kharif & Rabi","Alluvial soils (Calcareous clays)","Medium"
Patna,"Rice, Wheat, Maize, Arhar (Tur), Gram, Potato, Sugarcane","Kharif & Rabi","Alluvial soils (Calcareous clays)","Medium"
Purnia,"Rice, Wheat, Maize, Arhar (Tur), Gram, Potato, Sugarcane","Kharif & Rabi","Alluvial soils (Calcareous clays)","Medium"
Rohtas,"Rice, Wheat, Maize, Arhar (Tur), Gram, Potato, Sugarcane","Kharif & Rabi","Alluvial soils (Calcareous clays)","Medium"
Saharsa,"Rice, Wheat, Maize, Arhar (Tur), Gram, Potato, Sugarcane","Kharif & Rabi","Alluvial soils (Calcareous clays)","Medium"
Samastipur,"Rice, Wheat, Maize, Arhar (Tur), Gram, Potato, Sugarcane","Kharif & Rabi","Alluvial soils (Calcareous clays)","Medium"
Sheohar,"Rice, Wheat, Maize, Arhar (Tur), Gram, Potato, Sugarcane","Kharif & Rabi","Alluvial soils (Calcareous clays)","Medium"
Sheikhpura,"Rice, Wheat, Maize, Arhar (Tur), Gram, Potato, Sugarcane","Kharif & Rabi","Alluvial soils (Calcareous clays)","Medium"
Saran,"Rice, Wheat, Maize, Arhar (Tur), Gram, Potato, Sugarcane","Kharif & Rabi","Alluvial soils (Calcareous clays)","Medium"
Sitamarhi,"Rice, Wheat, Maize, Arhar (Tur), Gram, Potato, Sugarcane","Kharif & Rabi","Alluvial soils (Calcareous clays)","Medium"
Supaul,"Rice, Wheat, Maize, Arhar (Tur), Gram, Potato, Sugarcane","Kharif & Rabi","Alluvial soils (Calcareous clays)","Medium"
Siwan,"Rice, Wheat, Maize, Arhar (Tur), Gram, Potato, Sugarcane","Kharif & Rabi","Alluvial soils (Calcareous clays)","Medium"
Vaishali,"Rice, Wheat, Maize, Arhar (Tur), Gram, Potato, Sugarcane","Kharif & Rabi","Alluvial soils (Calcareous clays)","Medium"
West Champaran,"Rice, Wheat, Maize, Arhar (Tur), Gram, Potato, Sugarcane","Kharif & Rabi","Alluvial soils (Calcareous clays)","Medium"
Alipurduar,"Rice, Tea, Jute","Kharif & Rabi","Alluvial soils","High"
Bankura,"Paddy, Mustard, Pulses","Kharif & Rabi","Lateritic soils","Medium"
Birbhum,"Paddy, Mustard, Pulses","Kharif & Rabi","Lateritic soils","Medium"
Cooch Behar,"Rice, Jute, Tea","Kharif & Rabi","Alluvial soils","High"
Dakshin Dinajpur,"Rice, Jute, Potato","Kharif & Rabi","Alluvial soils","High"
Darjeeling,"Tea, Rice, Potato","Kharif & Rabi","Hill soils","Medium"
Hooghly,"Rice, Potato, Jute","Kharif & Rabi","Alluvial soils","High"
Howrah,"Rice, Potato, Vegetables","Kharif & Rabi","Alluvial soils","High"
Jalpaiguri,"Rice, Jute, Tea","Kharif & Rabi","Alluvial soils","High"
Jhargram,"Paddy, Groundnut","Kharif & Rabi","Lateritic soils","Medium"
Kalimpong,"Tea, Rice","Kharif & Rabi","Hill soils","Medium"
Kolkata,"Urban horticulture","N/A","Urban alluvial soils","N/A"
Malda,"Rice, Mango, Jute","Kharif & Rabi","Alluvial soils","High"
Murshidabad,"Rice, Jute, Sugarcane","Kharif & Rabi","Alluvial soils","High"
Nadia,"Rice, Jute, Potato","Kharif & Rabi","Alluvial soils","High"
North 24 Parganas,"Rice, Jute, Potato","Kharif & Rabi","Alluvial soils","High"
Paschim Bardhaman,"Rice, Potato, Wheat","Kharif & Rabi","Alluvial soils","High"
Purba Bardhaman,"Rice, Potato, Mustard","Kharif & Rabi","Alluvial soils","High"
Paschim Medinipur,"Rice, Jute, Groundnut","Kharif & Rabi","Lateritic soils","Medium"
Purba Medinipur,"Rice, Jute, Vegetables","Kharif & Rabi","Alluvial soils","High"
Purulia,"Rice, Mustard, Pulses","Kharif & Rabi","Lateritic soils","Medium"
South 24 Parganas,"Rice, Jute","Kharif & Rabi","Saline alluvial soils","Medium"
Uttar Dinajpur,"Rice, Jute","Kharif & Rabi","Alluvial soils","High"
Ariyalur,"Rice, Sugarcane, Maize, Groundnut","Kharif & Rabi","Red loam soils","Medium"
Chengalpattu,"Rice, Sugarcane, Groundnut, Pulses","Kharif & Rabi","Alluvial soils","Medium"
Chennai,"Urban horticulture","N/A","Urban coastal alluvium","N/A"
Coimbatore,"Cotton, Rice, Maize, Banana","Kharif & Rabi","Red and black mixed soils","Medium"
Cuddalore,"Rice, Sugarcane, Groundnut, Cotton","Kharif & Rabi","Alluvial and coastal sands","Medium"
Dharmapuri,"Millets, Pulses, Groundnut, Maize","Kharif & Rabi","Red soils","Medium"
Dindigul,"Pulses, Rice, Maize, Groundnut","Kharif & Rabi","Red loam soils","Medium"
Erode,"Turmeric, Maize, Rice, Cotton","Kharif & Rabi","Red soils","Medium"
Kallakurichi,"Rice, Sugarcane, Maize, Pulses","Kharif & Rabi","Red loam soils","Medium"
Kancheepuram,"Rice, Groundnut, Pulses, Coconut","Kharif & Rabi","Alluvial soils","Medium"
Kanniyakumari,"Banana, Coconut, Rubber, Rice","Kharif & Rabi","Lateritic and coastal soils","Medium"
Karur,"Banana, Tapioca, Rice, Cotton","Kharif & Rabi","Red loam soils","Medium"
Krishnagiri,"Mango, Rice, Millets, Pulses","Kharif & Rabi","Red soils","Medium"
Madurai,"Rice, Cotton, Maize, Groundnut","Kharif & Rabi","Red loam soils","Medium"
Mayiladuthurai,"Rice, Sugarcane, Banana, Coconut","Kharif & Rabi","Alluvial soils","Medium"
Nagapattinam,"Rice, Sugarcane, Coconut, Banana","Kharif & Rabi","Deltaic alluvial soils","Medium"
Namakkal,"Tapioca, Maize, Rice, Pulses","Kharif & Rabi","Red loam soils","Medium"
Nilgiris,"Tea, Coffee, Vegetables","Kharif & Rabi","Mountainous brown soils","Medium"
Perambalur,"Rice, Groundnut, Maize, Cotton","Kharif & Rabi","Red and black mixed soils","Medium"
Pudukkottai,"Rice, Maize, Groundnut, Pulses","Kharif & Rabi","Red loam soils","Medium"
Ramanathapuram,"Millets, Pulses, Groundnut","Kharif & Rabi","Sandy coastal soils","Medium"
Ranipet,"Rice, Groundnut, Sugarcane, Pulses","Kharif & Rabi","Alluvial soils","Medium"
Salem,"Millets, Pulses, Groundnut, Cotton","Kharif & Rabi","Red loam soils","Medium"
Sivaganga,"Millets, Rice, Groundnut, Pulses","Kharif & Rabi","Red loam soils","Medium"
Tenkasi,"Rice, Sugarcane, Banana, Coconut","Kharif & Rabi","Alluvial and laterite soils","Medium"
Thanjavur,"Rice, Sugarcane, Coconut, Banana","Kharif & Rabi","Deltaic alluvial soils","Medium"
Theni,"Cardamom, Rice, Cotton, Pulses","Kharif & Rabi","Red loam soils","Medium"
Thoothukudi,"Millets, Pulses, Groundnut","Kharif & Rabi","Coastal sandy soils","Medium"
Tiruchirappalli,"Rice, Sugarcane, Cotton, Groundnut","Kharif & Rabi","Alluvial soils","Medium"
Tirunelveli,"Rice, Banana, Coconut, Pulses","Kharif & Rabi","Lateritic and coastal soils","Medium"
Tirupathur,"Millets, Pulses, Groundnut","Kharif & Rabi","Red loam soils","Medium"
Tiruppur,"Cotton, Rice, Maize, Groundnut","Kharif & Rabi","Red and black mixed soils","Medium"
Tiruvallur,"Rice, Groundnut, Pulses","Kharif & Rabi","Alluvial soils","Medium"
Tiruvannamalai,"Rice, Groundnut, Pulses","Kharif & Rabi","Red loam soils","Medium"
Tiruvarur,"Rice, Sugarcane, Coconut, Banana","Kharif & Rabi","Deltaic alluvial soils","Medium"
Vellore,"Rice, Groundnut, Pulses, Cotton","Kharif & Rabi","Red loam soils","Medium"
Viluppuram,"Rice, Pulses, Groundnut","Kharif & Rabi","Red loam soils","Medium"
Virudhunagar,"Millets, Pulses, Groundnut","Kharif & Rabi","Red loam soils","Medium"
Bagalkot,"Cotton, Groundnut, Jowar","Kharif & Rabi","Black soil (Regur)","High"
Bengaluru Rural,"Ragi, Maize, Groundnut","Kharif & Rabi","Red soil","Medium"
Bengaluru Urban,"Vegetables, Floriculture, Ragi","Kharif & Rabi","Red soil","Medium"
Belagavi,"Sugarcane, Paddy, Maize","Kharif & Rabi","Laterite soil","Medium‑Low"
Bellary,"Cotton, Groundnut, Horsegram","Kharif & Rabi","Mixed red and black soil","Medium"
Bidar,"Sorghum, Pigeon pea, Maize","Kharif & Rabi","Black soil (Regur)","High"
Vijayapura (Bijapur),"Jowar, Bajra, Cotton","Kharif & Rabi","Black soil (Regur)","High"
Chamarajanagar,"Ragi, Maize, Jowar","Kharif & Rabi","Laterite soil","Medium‑Low"
Chikkaballapur,"Groundnut, Maize, Ragi","Kharif & Rabi","Red soil","Medium"
Chikkamagaluru,"Coffee, Pepper, Areca nut","Kharif & Rabi","Lateritic black soil","Medium‑Low"
Chitradurga,"Groundnut, Jowar, Sunflower","Kharif & Rabi","Mixed red and black soil","Medium"
Dakshina Kannada,"Paddy, Coconut, Areca nut","Kharif & Rabi","Coastal alluvial soil","High"
Davanagere,"Soybean, Cotton, Maize","Kharif & Rabi","Black soil (Regur)","High"
Dharwad,"Cotton, Groundnut, Sorghum","Kharif & Rabi","Black soil (Regur)","High"
Gadag,"Jowar, Groundnut, Pulses","Kharif & Rabi","Black soil (Regur)","High"
Gulbarga (Kalaburagi),"Bajra, Sorghum, Tur","Kharif & Rabi","Black soil (Regur)","High"
Hassan,"Coffee, Pepper, Paddy","Kharif & Rabi","Laterite soil","Medium‑Low"
Haveri,"Cotton, Groundnut, Maize","Kharif & Rabi","Black soil (Regur)","High"
Kodagu,"Coffee, Tea, Spices","Kharif & Rabi","Forest/Laterite soil","Medium‑Low"
Kolar,"Pomegranate, Ragi, Groundnut","Kharif & Rabi","Red soil","Medium"
Koppal,"Jowar, Cotton, Pigeon pea","Kharif & Rabi","Black soil (Regur)","High"
Mandya,"Sugarcane, Paddy, Banana","Kharif & Rabi","Black soil (Regur)","High"
Mysuru,"Ragi, Maize, Groundnut","Kharif & Rabi","Red soil","Medium"
Raichur,"Pigeon pea, Jowar, Rice","Kharif & Rabi","Black soil (Regur)","High"
Ramanagara,"Ragi, Millets, Groundnut","Kharif & Rabi","Red soil","Medium"
Shimoga (Shivamogga),"Areca nut, Paddy, Cocoa","Kharif & Rabi","Laterite soil","Medium‑Low"
Tumakuru,"Groundnut, Ragi, Maize","Kharif & Rabi","Red soil","Medium"
Udupi,"Paddy, Coconut, Cashew","Kharif & Rabi","Coastal alluvial soil","High"
Uttara Kannada,"Paddy, Coconut, Areca nut","Kharif & Rabi","Coastal lateritic/alluvial","Medium‑Low"
Vijayanagara,"Cotton, Rice, Jowar","Kharif & Rabi","Black soil (Regur)","High"
Yadgir,"Sorghum, Pigeon pea, Groundnut","Kharif & Rabi","Black soil (Regur)","High"
Alluri Sitharama Raju,"Rice, Millets","Kharif & Rabi","Lateritic soils","Medium‑Low"
Anakapalli,"Rice, Pulses","Kharif & Rabi","Alluvial soils","High"
Anantapur,"Jowar, Groundnut","Kharif & Rabi","Black cotton soils","High"
Annamayya,"Jowar, Groundnut","Kharif & Rabi","Black cotton soils","High"
Bapatla,"Rice, Maize","Kharif & Rabi","Alluvial soils","High"
Chittoor,"Rice, Pulses","Kharif & Rabi","Black cotton soils","High"
East Godavari,"Rice, Coconut","Kharif & Rabi","Alluvial soils","High"
Eluru,"Rice, Sugarcane","Kharif & Rabi","Alluvial soils","High"
Guntur,"Rice, Chillies","Kharif & Rabi","Alluvial soils","High"
Kadapa (YSR Kadapa),"Rice, Maize","Kharif & Rabi","Black cotton soils","High"
Kakinada,"Rice, Pulses","Kharif & Rabi","Alluvial soils","High"
Konaseema,"Rice, Coconut","Kharif & Rabi","Alluvial soils","High"
Krishna,"Rice, Sugarcane","Kharif & Rabi","Alluvial soils","High"
Kurnool,"Jowar, Groundnut","Kharif & Rabi","Black cotton soils","High"
NTR (Vijayawada),"Rice, Banana","Kharif & Rabi","Alluvial soils","High"
Nandyal,"Jowar, Groundnut","Kharif & Rabi","Black cotton soils","High"
Nellore,"Rice, Sugarcane","Kharif & Rabi","Alluvial soils","High"
Palnadu,"Rice, Pulses","Kharif & Rabi","Mixed red and black soils","Medium"
Parvathipuram Manyam,"Rice, Maize","Kharif & Rabi","Alluvial soils","High"
Prakasam,"Rice, Tobacco","Kharif & Rabi","Alluvial soils","High"
Sri Sathya Sai,"Jowar, Groundnut","Kharif & Rabi","Black cotton soils","High"
Srikakulam,"Rice, Pulses","Kharif & Rabi","Alluvial soils","High"
Tirupati,"Rice, Pulses","Kharif & Rabi","Black cotton soils","High"
Visakhapatnam,"Rice, Pulses","Kharif & Rabi","Alluvial soils","High"
Vizianagaram,"Rice, Pulses","Kharif & Rabi","Alluvial soils","High"
West Godavari,"Rice, Sugarcane","Kharif & Rabi","Alluvial soils","High"
Angul,"Rice, Maize, Pulses, Oilseeds","Kharif & Rabi","Mixed red and alluvial soils","Medium"
Balangir,"Rice, Maize, Pulses, Oilseeds","Kharif & Rabi","Red soils","Medium"
Balasore,"Rice, Maize, Pulses, Oilseeds","Kharif & Rabi","Alluvial soils","High"
Bargarh,"Rice, Maize, Pulses, Oilseeds","Kharif & Rabi","Red soils","Medium"
Bhadrak,"Rice, Maize, Pulses, Oilseeds","Kharif & Rabi","Alluvial soils","High"
Boudh,"Rice, Maize, Pulses, Oilseeds","Kharif & Rabi","Red soils","Medium"
Cuttack,"Rice, Maize, Pulses, Oilseeds","Kharif & Rabi","Alluvial soils","High"
Deogarh,"Rice, Maize, Pulses, Oilseeds","Kharif & Rabi","Red soils","Medium"
Dhenkanal,"Rice, Maize, Pulses, Oilseeds","Kharif & Rabi","Red soils","Medium"
Gajapati,"Rice, Maize, Pulses","Kharif & Rabi","Forest/lateritic soils","Low"
Ganjam,"Rice, Maize, Pulses, Oilseeds","Kharif & Rabi","Mixed red and alluvial soils","Medium"
Jagatsinghpur,"Rice, Maize, Pulses, Oilseeds","Kharif & Rabi","Alluvial soils","High"
Jajpur,"Rice, Maize, Pulses, Oilseeds","Kharif & Rabi","Alluvial soils","High"
Jharsuguda,"Rice, Maize, Pulses, Oilseeds","Kharif & Rabi","Red soils","Medium"
Kalahandi,"Rice, Maize, Pulses","Kharif & Rabi","Forest/lateritic soils","Low"
Kandhamal,"Rice, Maize, Pulses","Kharif & Rabi","Forest/lateritic soils","Low"
Kendrapara,"Rice, Maize, Pulses, Oilseeds","Kharif & Rabi","Alluvial soils","High"
Keonjhar,"Rice, Maize, Pulses","Kharif & Rabi","Forest/lateritic soils","Low"
Khordha,"Rice, Maize, Pulses, Oilseeds","Kharif & Rabi","Alluvial soils","High"
Koraput,"Rice, Maize, Pulses","Kharif & Rabi","Forest/lateritic soils","Low"
Malkangiri,"Rice, Maize, Pulses","Kharif & Rabi","Forest/lateritic soils","Low"
Mayurbhanj,"Rice, Maize, Pulses","Kharif & Rabi","Forest/lateritic soils","Low"
Nabarangpur,"Rice, Maize, Pulses","Kharif & Rabi","Forest/lateritic soils","Low"
Nuapada,"Rice, Maize, Pulses, Oilseeds","Kharif & Rabi","Red soils","Medium"
Puri,"Rice, Maize, Pulses, Oilseeds","Kharif & Rabi","Alluvial soils","High"
Rayagada,"Rice, Maize, Pulses","Kharif & Rabi","Forest/lateritic soils","Low"
Sambalpur,"Rice, Maize, Pulses, Oilseeds","Kharif & Rabi","Red soils","Medium"
Subarnapur,"Rice, Maize, Pulses, Oilseeds","Kharif & Rabi","Red soils","Medium"
Sundargarh,"Rice, Maize, Pulses, Oilseeds","Kharif & Rabi","Red soils","Medium"
Adilabad,"Rice, Maize, Red Gram, Green Gram, Jowar, Sesame, Castor, Cotton, Groundnut, Soyabean, Black Gram","Kharif & Rabi","Mixed red and black soils","Medium"
Kumuram Bheem Asifabad,"Rice, Maize, Red Gram, Green Gram, Jowar, Sesame, Castor, Cotton, Groundnut, Soyabean, Black Gram","Kharif & Rabi","Laterite soils","Medium‑Low"
Mancherial,"Rice, Maize, Red Gram, Green Gram, Jowar, Sesame, Castor, Cotton, Groundnut, Soyabean, Black Gram","Kharif & Rabi","Black soils (Regur)","High"
Nirmal,"Rice, Maize, Red Gram, Green Gram, Jowar, Sesame, Castor, Cotton, Groundnut, Soyabean, Black Gram","Kharif & Rabi","Black soils (Regur)","High"
Nizamabad,"Rice, Maize, Red Gram, Green Gram, Jowar, Sesame, Castor, Cotton, Groundnut, Soyabean, Black Gram","Kharif & Rabi","Black soils (Regur)","High"
Jagtial,"Rice, Maize, Red Gram, Green Gram, Jowar, Sesame, Castor, Cotton, Groundnut, Soyabean, Black Gram","Kharif & Rabi","Black soils (Regur)","High"
Peddapalli,"Rice, Maize, Red Gram, Green Gram, Jowar, Sesame, Castor, Cotton, Groundnut, Soyabean, Black Gram","Kharif & Rabi","Red soils","Medium"
Kamareddy,"Rice, Maize, Red Gram, Green Gram, Jowar, Sesame, Castor, Cotton, Groundnut, Soyabean, Black Gram","Kharif & Rabi","Black soils (Regur)","High"
Rajanna Sircilla,"Rice, Maize, Red Gram, Green Gram, Jowar, Sesame, Castor, Cotton, Groundnut, Soyabean, Black Gram","Kharif & Rabi","Mixed red and black soils","Medium"
Karimnagar,"Rice, Maize, Red Gram, Green Gram, Jowar, Sesame, Castor, Cotton, Groundnut, Soyabean, Black Gram","Kharif & Rabi","Black soils (Regur)","High"
Jayashankar Bhupalpally,"Rice, Maize, Red Gram, Green Gram, Jowar, Sesame, Castor, Cotton, Groundnut, Soyabean, Black Gram","Kharif & Rabi","Laterite soils","Medium‑Low"
Sangareddy,"Rice, Maize, Red Gram, Green Gram, Jowar, Sesame, Castor, Cotton, Groundnut, Soyabean, Black Gram","Kharif & Rabi","Mixed red and black soils","Medium"
Medak,"Rice, Maize, Red Gram, Green Gram, Jowar, Sesame, Castor, Cotton, Groundnut, Soyabean, Black Gram","Kharif & Rabi","Red soils","Medium"
Siddipet,"Rice, Maize, Red Gram, Green Gram, Jowar, Sesame, Castor, Cotton, Groundnut, Soyabean, Black Gram","Kharif & Rabi","Black soils (Regur)","High"
Jangaon,"Rice, Maize, Red Gram, Green Gram, Jowar, Sesame, Castor, Cotton, Groundnut, Soyabean, Black Gram","Kharif & Rabi","Mixed red and black soils","Medium"
Hanumakonda,"Rice, Maize, Red Gram, Green Gram, Jowar, Sesame, Castor, Cotton, Groundnut, Soyabean, Black Gram","Kharif & Rabi","Red soils","Medium"
Warangal,"Rice, Maize, Red Gram, Green Gram, Jowar, Sesame, Castor, Cotton, Groundnut, Soyabean, Black Gram","Kharif & Rabi","Black soils (Regur)","High"
Mulugu,"Rice, Maize, Red Gram, Green Gram, Jowar, Sesame, Castor, Cotton, Groundnut, Soyabean, Black Gram","Kharif & Rabi","Laterite soils","Medium‑Low"
Bhadradri Kothagudem,"Rice, Maize, Red Gram, Green Gram, Jowar, Sesame, Castor, Cotton, Groundnut, Soyabean, Black Gram","Kharif & Rabi","Laterite soils","Medium‑Low"
Khammam,"Rice, Maize, Red Gram, Green Gram, Jowar, Sesame, Castor, Cotton, Groundnut, Soyabean, Black Gram","Kharif & Rabi","Alluvial soils","High"
Mahabubabad,"Rice, Maize, Red Gram, Green Gram, Jowar, Sesame, Castor, Cotton, Groundnut, Soyabean, Black Gram","Kharif & Rabi","Laterite soils","Medium‑Low"
Suryapet,"Rice, Maize, Red Gram, Green Gram, Jowar, Sesame, Castor, Cotton, Groundnut, Soyabean, Black Gram","Kharif & Rabi","Alluvial soils","High"
Nalgonda,"Rice, Maize, Red Gram, Green Gram, Jowar, Sesame, Castor, Cotton, Groundnut, Soyabean, Black Gram","Kharif & Rabi","Alluvial soils","High"
Yadadri Bhuvanagiri,"Rice, Maize, Red Gram, Green Gram, Jowar, Sesame, Castor, Cotton, Groundnut, Soyabean, Black Gram","Kharif & Rabi","Alluvial soils","High"
Medchal–Malkajgiri,"Rice, Maize, Red Gram, Green Gram, Jowar, Sesame, Castor, Cotton, Groundnut, Soyabean, Black Gram","Kharif & Rabi","Urban soils","N/A"
Hyderabad,"Rice, Maize, Red Gram, Green Gram, Jowar, Sesame, Castor, Cotton, Groundnut, Soyabean, Black Gram","Kharif & Rabi","Urban soils","N/A"
Ranga Reddy,"Rice, Maize, Red Gram, Green Gram, Jowar, Sesame, Castor, Cotton, Groundnut, Soyabean, Black Gram","Kharif & Rabi","Red soils","Medium"
Vikarabad,"Rice, Maize, Red Gram, Green Gram, Jowar, Sesame, Castor, Cotton, Groundnut, Soyabean, Black Gram","Kharif & Rabi","Red soils","Medium"
Narayanpet,"Rice, Maize, Red Gram, Green Gram, Jowar, Sesame, Castor, Cotton, Groundnut, Soyabean, Black Gram","Kharif & Rabi","Red soils","Medium"
Mahabubnagar,"Rice, Maize, Red Gram, Green Gram, Jowar, Sesame, Castor, Cotton, Groundnut, Soyabean, Black Gram","Kharif & Rabi","Red soils","Medium"
Nagarkurnool,"Rice, Maize, Red Gram, Green Gram, Jowar, Sesame, Castor, Cotton, Groundnut, Soyabean, Black Gram","Kharif & Rabi","Red soils","Medium"
Wanaparthy,"Rice, Maize, Red Gram, Green Gram, Jowar, Sesame, Castor, Cotton, Groundnut, Soyabean, Black Gram","Kharif & Rabi","Red soils","Medium"
Jogulamba Gadwal,"Rice, Maize, Red Gram, Green Gram, Jowar, Sesame, Castor, Cotton, Groundnut, Soyabean, Black Gram","Kharif & Rabi","Laterite soils","Medium‑Low"
Thiruvananthapuram,"Coconut, Rubber, Banana, Paddy","Kharif & Rabi","Lateritic soils","Medium"
Kollam,"Cashew, Coconut, Tapioca","Kharif & Rabi","Lateritic coastal soils","Medium"
Pathanamthitta,"Rubber, Paddy, Tapioca, Pepper","Kharif & Rabi","Lateritic soils","Medium"  
Alappuzha,"Paddy, Coconut","Kharif & Rabi","Coastal alluvial soils","High"
Kottayam,"Rubber, Spices, Cardamom, Paddy","Kharif & Rabi","Lateritic soils","Medium"
Idukki,"Tea, Cardamom, Coffee, Pepper","Kharif & Rabi","Forest and lateritic soils","Low"
Ernakulam,"Coconut, Rice, Pineapple","Kharif & Rabi","Lateritic soils","Medium"
Thrissur,"Rice, Coconut, Banana","Kharif & Rabi","Lateritic soils","Medium"
Palakkad,"Paddy, Coconut, Banana, Tapioca","Kharif & Rabi","Mixed alluvium","High"
Malappuram,"Coconut, Paddy, Banana","Kharif & Rabi","Lateritic soils","Medium"
Kozhikode,"Coconut, Areca nut, Banana","Kharif & Rabi","Lateritic soils","Medium"
Wayanad,"Coffee, Pepper, Tea, Cardamom","Kharif & Rabi","Forest soils","Low"
Kannur,"Cashew, Coconut, Pepper","Kharif & Rabi","Lateritic soils","Medium"
Kasaragod,"Coconut, Paddy, Areca nut","Kharif & Rabi","Coastal alluvial soils","High"
Bokaro,"Rice, Wheat, Maize, Pulses, Oilseeds","Kharif & Rabi","Red lateritic soils","Medium"
Chatra,"Rice, Wheat, Maize, Pulses, Oilseeds","Kharif & Rabi","Red lateritic soils","Medium"
Deoghar,"Rice, Wheat, Maize, Pulses, Oilseeds","Kharif & Rabi","Red lateritic soils","Medium"
Dhanbad,"Rice, Wheat, Maize, Pulses, Oilseeds","Kharif & Rabi","Red lateritic soils","Medium"
Dumka,"Rice, Wheat, Maize, Pulses, Oilseeds","Kharif & Rabi","Red lateritic soils","Medium"
East Singhbhum,"Rice, Wheat, Maize, Pulses, Oilseeds","Kharif & Rabi","Alluvial soils","High"
Garhwa,"Rice, Wheat, Maize, Pulses, Oilseeds","Kharif & Rabi","Red lateritic soils","Medium"
Giridih,"Rice, Wheat, Maize, Pulses, Oilseeds","Kharif & Rabi","Red lateritic soils","Medium"
Godda,"Rice, Wheat, Maize, Pulses, Oilseeds","Kharif & Rabi","Alluvial soils","High"
Gumla,"Rice, Wheat, Maize, Pulses, Oilseeds","Kharif & Rabi","Red lateritic soils","Medium"
Hazaribagh,"Rice, Wheat, Maize, Pulses, Oilseeds","Kharif & Rabi","Red lateritic soils","Medium"
Jamtara,"Rice, Wheat, Maize, Pulses, Oilseeds","Kharif & Rabi","Red lateritic soils","Medium"
Khunti,"Rice, Wheat, Maize, Pulses, Oilseeds","Kharif & Rabi","Red lateritic soils","Medium"
Koderma,"Rice, Wheat, Maize, Pulses, Oilseeds","Kharif & Rabi","Red lateritic soils","Medium"
Latehar,"Rice, Wheat, Maize, Pulses, Oilseeds","Kharif & Rabi","Red lateritic soils","Medium"
Lohardaga,"Rice, Wheat, Maize, Pulses, Oilseeds","Kharif & Rabi","Red lateritic soils","Medium"
Pakur,"Rice, Wheat, Maize, Pulses, Oilseeds","Kharif & Rabi","Alluvial soils","High"
Palamu,"Rice, Wheat, Maize, Pulses, Oilseeds","Kharif & Rabi","Red lateritic soils","Medium"
Ramgarh,"Rice, Wheat, Maize, Pulses, Oilseeds","Kharif & Rabi","Red lateritic soils","Medium"
Ranchi,"Rice, Wheat, Maize, Pulses, Oilseeds","Kharif & Rabi","Red lateritic soils","Medium"
Sahibganj,"Rice, Wheat, Maize, Pulses, Oilseeds","Kharif & Rabi","Alluvial soils","High"
Seraikela Kharsawan,"Rice, Wheat, Maize, Pulses, Oilseeds","Kharif & Rabi","Red lateritic soils","Medium"
Simdega,"Rice, Wheat, Maize, Pulses, Oilseeds","Kharif & Rabi","Red lateritic soils","Medium"
West Singhbhum,"Rice, Wheat, Maize, Pulses, Oilseeds","Kharif & Rabi","Alluvial soils","High"
Baksa,"Rice, Maize, Pulses, Oilseeds","Kharif & Rabi","Alluvial soils","High"
Bajali,"Rice, Maize, Pulses, Oilseeds","Kharif & Rabi","Alluvial soils","High"
Barpeta,"Rice, Maize, Pulses, Oilseeds","Kharif & Rabi","Alluvial soils","High"
Biswanath,"Rice, Maize, Pulses, Oilseeds","Kharif & Rabi","Alluvial soils","High"
Bongaigaon,"Rice, Maize, Pulses, Oilseeds","Kharif & Rabi","Alluvial soils","High"
Cachar,"Rice, Maize, Pulses, Oilseeds","Kharif & Rabi","Alluvial soils","High"
Charaideo,"Rice, Maize, Pulses, Oilseeds","Kharif & Rabi","Alluvial soils","High"
Chirang,"Rice, Maize, Pulses, Oilseeds","Kharif & Rabi","Alluvial soils","High"
Darrang,"Rice, Maize, Pulses, Oilseeds","Kharif & Rabi","Alluvial soils","High"
Dhemaji,"Rice, Maize, Pulses, Oilseeds","Kharif & Rabi","Alluvial soils","High"
Dhubri,"Rice, Maize, Pulses, Oilseeds","Kharif & Rabi","Alluvial soils","High"
Dibrugarh,"Rice, Maize, Pulses, Oilseeds, Tea","Kharif & Rabi","Alluvial soils","High"
Dima Hasao,"Rice, Maize, Pulses, Oilseeds","Kharif & Rabi","Lateritic soils","Medium‑Low"
Goalpara,"Rice, Maize, Pulses, Oilseeds","Kharif & Rabi","Alluvial soils","High"
Golaghat,"Rice, Maize, Pulses, Oilseeds, Tea","Kharif & Rabi","Alluvial soils","High"
Hailakandi,"Rice, Maize, Pulses, Oilseeds","Kharif & Rabi","Alluvial soils","High"
Hojai,"Rice, Maize, Pulses, Oilseeds","Kharif & Rabi","Alluvial soils","High"
Jorhat,"Rice, Maize, Pulses, Oilseeds, Tea","Kharif & Rabi","Alluvial soils","High"
Kamrup Metropolitan,"Rice, Maize, Pulses, Oilseeds","Kharif & Rabi","Alluvial soils","High"
Kamrup,"Rice, Maize, Pulses, Oilseeds","Kharif & Rabi","Alluvial soils","High"
Karbi Anglong,"Rice, Maize, Pulses, Oilseeds","Kharif & Rabi","Lateritic soils","Medium‑Low"
Karimganj,"Rice, Maize, Pulses, Oilseeds","Kharif & Rabi","Alluvial soils","High"
Kokrajhar,"Rice, Maize, Pulses, Oilseeds","Kharif & Rabi","Alluvial soils","High"
Lakhimpur,"Rice, Maize, Pulses, Oilseeds","Kharif & Rabi","Alluvial soils","High"
Majuli,"Rice, Maize, Pulses, Oilseeds","Kharif & Rabi","Alluvial soils","High"
Morigaon,"Rice, Maize, Pulses, Oilseeds","Kharif & Rabi","Alluvial soils","High"
Nagaon,"Rice, Maize, Pulses, Oilseeds","Kharif & Rabi","Alluvial soils","High"
Nalbari,"Rice, Maize, Pulses, Oilseeds","Kharif & Rabi","Alluvial soils","High"
Sivasagar,"Rice, Maize, Pulses, Oilseeds, Tea","Kharif & Rabi","Alluvial soils","High"
Sonitpur,"Rice, Maize, Pulses, Oilseeds","Kharif & Rabi","Alluvial soils","High"
South Salmara-Mankachar,"Rice, Maize, Pulses, Oilseeds","Kharif & Rabi","Alluvial soils","High"
Tamulpur,"Rice, Maize, Pulses, Oilseeds","Kharif & Rabi","Alluvial soils","High"
Tinsukia,"Rice, Maize, Pulses, Oilseeds, Tea","Kharif & Rabi","Alluvial soils","High"
Udalguri,"Rice, Maize, Pulses, Oilseeds","Kharif & Rabi","Alluvial soils","High"
West Karbi Anglong,"Rice, Maize, Pulses, Oilseeds","Kharif & Rabi","Lateritic soils","Medium‑Low"
Amritsar,"Rice, Wheat, Maize, Barley, Cotton, Sugarcane","Kharif & Rabi","Alluvial soils (sandy loam to clayey)","High"
Barnala,"Rice, Wheat, Maize, Barley, Cotton, Sugarcane","Kharif & Rabi","Alluvial soils (sandy loam to clayey)","High"
Bathinda,"Rice, Wheat, Maize, Barley, Cotton, Sugarcane","Kharif & Rabi","Alluvial soils (sandy loam to clayey)","High"
Faridkot,"Rice, Wheat, Maize, Barley, Cotton, Sugarcane","Kharif & Rabi","Alluvial soils (sandy loam to clayey)","High"
Fatehgarh Sahib,"Rice, Wheat, Maize, Barley, Cotton, Sugarcane","Kharif & Rabi","Alluvial soils (sandy loam to clayey)","High"
Firozpur,"Rice, Wheat, Maize, Barley, Cotton, Sugarcane","Kharif & Rabi","Alluvial soils (sandy loam to clayey)","High"
Fazilka,"Rice, Wheat, Maize, Barley, Cotton, Sugarcane","Kharif & Rabi","Alluvial soils (sandy loam to clayey)","High"
Gurdaspur,"Rice, Wheat, Maize, Barley, Cotton, Sugarcane","Kharif & Rabi","Alluvial soils (sandy loam to clayey)","High"
Hoshiarpur,"Rice, Wheat, Maize, Barley, Cotton, Sugarcane","Kharif & Rabi","Alluvial soils (sandy loam to clayey)","High"
Jalandhar,"Rice, Wheat, Maize, Barley, Cotton, Sugarcane","Kharif & Rabi","Alluvial soils (sandy loam to clayey)","High"
Kapurthala,"Rice, Wheat, Maize, Barley, Cotton, Sugarcane","Kharif & Rabi","Alluvial soils (sandy loam to clayey)","High"
Ludhiana,"Rice, Wheat, Maize, Barley, Cotton, Sugarcane","Kharif & Rabi","Alluvial soils (sandy loam to clayey)","High"
Malerkotla,"Rice, Wheat, Maize, Barley, Cotton, Sugarcane","Kharif & Rabi","Alluvial soils (sandy loam to clayey)","High"
Mansa,"Rice, Wheat, Maize, Barley, Cotton, Sugarcane","Kharif & Rabi","Alluvial soils (sandy loam to clayey)","High"
Moga,"Rice, Wheat, Maize, Barley, Cotton, Sugarcane","Kharif & Rabi","Alluvial soils (sandy loam to clayey)","High"
Sri Muktsar Sahib,"Rice, Wheat, Maize, Barley, Cotton, Sugarcane","Kharif & Rabi","Alluvial soils (sandy loam to clayey)","High"
Pathankot,"Rice, Wheat, Maize, Barley, Cotton, Sugarcane","Kharif & Rabi","Alluvial soils (sandy loam to clayey)","High"
Patiala,"Rice, Wheat, Maize, Barley, Cotton, Sugarcane","Kharif & Rabi","Alluvial soils (sandy loam to clayey)","High"
Rupnagar,"Rice, Wheat, Maize, Barley, Cotton, Sugarcane","Kharif & Rabi","Alluvial soils (sandy loam to clayey)","High"
Sahibzada Ajit Singh Nagar (Mohali),"Rice, Wheat, Maize, Barley, Cotton, Sugarcane","Kharif & Rabi","Alluvial soils (sandy loam to clayey)","High"
Sangrur,"Rice, Wheat, Maize, Barley, Cotton, Sugarcane","Kharif & Rabi","Alluvial soils (sandy loam to clayey)","High"
Shaheed Bhagat Singh Nagar (Nawanshahr),"Rice, Wheat, Maize, Barley, Cotton, Sugarcane","Kharif & Rabi","Alluvial soils (sandy loam to clayey)","High"
Tarn Taran,"Rice, Wheat, Maize, Barley, Cotton, Sugarcane","Kharif & Rabi","Alluvial soils (sandy loam to clayey)","High"
Raipur,"Rice, Maize, Pulses, Oilseeds, Wheat","Kharif & Rabi","Alluvial and red lateritic soils","High"
Durg,"Rice, Maize, Pulses, Oilseeds, Wheat","Kharif & Rabi","Red and black soils","High"
Bilaspur,"Rice, Maize, Pulses, Oilseeds, Wheat","Kharif & Rabi","Alluvial and red soils","High"
Korba,"Rice, Maize, Pulses, Oilseeds","Kharif & Rabi","Lateritic soils","Medium"
Raigarh,"Rice, Maize, Pulses, Oilseeds","Kharif & Rabi","Lateritic and alluvial soils","Medium"
Janjgir-Champa,"Rice, Maize, Wheat","Kharif & Rabi","Alluvial soils","High"
Baloda Bazar,"Rice, Pulses, Maize","Kharif & Rabi","Red and black soils","Medium"
Bemetara,"Rice, Maize, Wheat, Pulses","Kharif & Rabi","Black and lateritic soils","Medium"
Dhamtari,"Rice, Wheat, Pulses","Kharif & Rabi","Alluvial and red soils","High"
Mahasamund,"Rice, Maize, Pulses, Wheat","Kharif & Rabi","Black and red soils","High"
Gariaband,"Rice, Pulses, Oilseeds","Kharif & Rabi","Lateritic and red soils","Medium"
Kanker,"Rice, Pulses, Maize","Kharif & Rabi","Lateritic and red soils","Medium"
Kondagaon,"Rice, Pulses, Maize","Kharif & Rabi","Lateritic soils","Medium"
Narayanpur,"Rice, Maize, Pulses","Kharif & Rabi","Forest and red soils","Low"
Bastar,"Rice, Pulses, Oilseeds","Kharif & Rabi","Lateritic and forest soils","Low"
Bijapur,"Rice, Pulses","Kharif","Forest and red soils","Low"
Dantewada,"Rice, Pulses","Kharif","Lateritic soils","Low"
Sukma,"Rice, Pulses","Kharif","Forest and red soils","Low"
Balrampur,"Rice, Maize, Pulses","Kharif & Rabi","Red and lateritic soils","Medium"
Surguja,"Rice, Wheat, Maize, Pulses","Kharif & Rabi","Red and black soils","Medium"
Koriya,"Rice, Maize, Pulses","Kharif & Rabi","Red and lateritic soils","Medium"
Surajpur,"Rice, Maize, Pulses","Kharif & Rabi","Red and lateritic soils","Medium"
Jashpur,"Rice, Maize, Pulses","Kharif & Rabi","Lateritic and red soils","Medium"
Ambala,"Wheat, Rice, Sugarcane, Pulses, Maize","Kharif & Rabi","Alluvial loamy soils","High"
Bhiwani,"Wheat, Bajra, Cotton, Barley, Pulses","Kharif & Rabi","Sandy to loamy soils","Medium"
Charkhi Dadri,"Wheat, Bajra, Cotton, Barley","Kharif & Rabi","Sandy to loamy soils","Medium"
Faridabad,"Wheat, Rice, Vegetables, Sugarcane","Kharif & Rabi","Loamy soils","High"
Fatehabad,"Wheat, Cotton, Rice, Pulses","Kharif & Rabi","Sandy loam soils","High"
Gurugram,"Wheat, Rice, Bajra, Vegetables","Kharif & Rabi","Sandy loam to clay loam","High"
Hisar,"Wheat, Cotton, Bajra, Pulses, Barley","Kharif & Rabi","Sandy to loamy soils","High"
Jhajjar,"Wheat, Rice, Bajra, Pulses","Kharif & Rabi","Alluvial loamy soils","High"
Jind,"Wheat, Rice, Pulses, Cotton","Kharif & Rabi","Alluvial loamy soils","High"
Kaithal,"Wheat, Rice, Sugarcane, Pulses","Kharif & Rabi","Loamy to clayey soils","High"
Karnal,"Wheat, Rice, Sugarcane, Pulses","Kharif & Rabi","Alluvial soils","High"
Kurukshetra,"Wheat, Rice, Sugarcane","Kharif & Rabi","Loamy to clayey alluvial soils","High"
Mahendragarh,"Bajra, Wheat, Pulses, Mustard","Kharif & Rabi","Sandy loam soils","Medium"
Nuh,"Bajra, Wheat, Mustard, Pulses","Kharif & Rabi","Sandy loam soils","Medium"
Palwal,"Wheat, Rice, Pulses","Kharif & Rabi","Alluvial soils","High"
Panchkula,"Wheat, Rice, Vegetables","Kharif & Rabi","Loamy soils with forest content","High"
Panipat,"Wheat, Rice, Sugarcane, Pulses","Kharif & Rabi","Alluvial loamy soils","High"
Rewari,"Bajra, Wheat, Mustard, Barley","Kharif & Rabi","Sandy loam soils","Medium"
Rohtak,"Wheat, Rice, Sugarcane, Pulses","Kharif & Rabi","Loamy to clayey soils","High"
Sirsa,"Wheat, Cotton, Bajra, Pulses","Kharif & Rabi","Sandy to loamy soils","High"
Sonipat,"Wheat, Rice, Sugarcane, Vegetables","Kharif & Rabi","Alluvial loamy soils","High"
Yamunanagar,"Wheat, Rice, Sugarcane, Pulses","Kharif & Rabi","Alluvial soils","High"
Almora,"Rice, Wheat, Mandua (Finger Millet), Pulses","Kharif & Rabi","Loamy and forest soils","Medium"
Bageshwar,"Rice, Wheat, Mandua, Barley, Pulses","Kharif & Rabi","Loamy and hilly soils","Medium"
Chamoli,"Rice, Wheat, Mandua, Pulses, Potato","Kharif & Rabi","Mountain loam and forest soils","Low"
Champawat,"Rice, Wheat, Mandua, Pulses","Kharif & Rabi","Forest loamy soils","Low"
Dehradun,"Wheat, Rice, Sugarcane, Vegetables","Kharif & Rabi","Alluvial and loamy soils","High"
Haridwar,"Wheat, Rice, Sugarcane, Maize","Kharif & Rabi","Alluvial soils","High"
Nainital,"Wheat, Rice, Mandua, Vegetables","Kharif & Rabi","Loamy and forest soils","Medium"
Pauri Garhwal,"Rice, Wheat, Mandua, Pulses","Kharif & Rabi","Loamy forest soils","Low"
Pithoragarh,"Rice, Wheat, Mandua, Pulses","Kharif & Rabi","Mountain and loamy soils","Low"
Rudraprayag,"Rice, Wheat, Mandua, Pulses","Kharif & Rabi","Hilly forest soils","Low"
Tehri Garhwal,"Rice, Wheat, Pulses, Mandua","Kharif & Rabi","Loamy forest soils","Low"
Udham Singh Nagar,"Wheat, Rice, Sugarcane, Maize","Kharif & Rabi","Alluvial soils","High"
Uttarkashi,"Mandua, Wheat, Barley, Pulses","Kharif & Rabi","Mountainous soils","Low"
Bilaspur,"Maize, Wheat, Barley, Pulses, Vegetables","Kharif & Rabi","Loamy and clay loam soils","Medium"
Chamba,"Maize, Wheat, Barley, Rajmash, Apple","Kharif & Rabi","Mountain and forest soils","Low"
Hamirpur,"Maize, Wheat, Pulses, Oilseeds","Kharif & Rabi","Loamy soils","Medium"
Kangra,"Rice, Wheat, Maize, Barley, Tea","Kharif & Rabi","Alluvial and loamy soils","High"
Kinnaur,"Wheat, Barley, Peas, Apple","Rabi (short season)","Mountain and sandy loam soils","Low"
Kullu,"Wheat, Barley, Maize, Apple, Peas","Kharif & Rabi","Mountain and loamy soils","Low"
Lahaul and Spiti,"Barley, Peas, Potato, Buckwheat","Summer (single crop season)","Cold desert soils","Low"
Mandi,"Wheat, Maize, Barley, Pulses","Kharif & Rabi","Loamy and clay loam soils","Medium"
Shimla,"Wheat, Maize, Barley, Apple","Kharif & Rabi","Loamy and mountain soils","Medium"
Sirmaur,"Maize, Wheat, Ginger, Pulses","Kharif & Rabi","Loamy soils","Medium"
Solan,"Maize, Wheat, Vegetables, Pulses","Kharif & Rabi","Loamy and clay soils","Medium"
Una,"Maize, Wheat, Barley, Pulses","Kharif & Rabi","Sandy loam to loamy soils","Medium"
West Tripura,"Rice, Pulses, Maize, Vegetables, Pineapple","Kharif & Rabi","Lateritic and alluvial soils","Medium"
South Tripura,"Rice, Pulses, Maize, Ginger, Turmeric","Kharif & Rabi","Lateritic and loamy soils","Medium"
North Tripura,"Rice, Maize, Pulses, Pineapple, Orange","Kharif & Rabi","Sandy loam and red soils","Medium"
Dhalai,"Rice, Pulses, Maize, Ginger, Bamboo","Kharif & Rabi","Lateritic soils","Low"
Khowai,"Rice, Maize, Pulses, Pineapple","Kharif & Rabi","Loamy and red soils","Medium"
Gomati,"Rice, Pulses, Vegetables, Ginger","Kharif & Rabi","Loamy soils","Medium"
Unakoti,"Rice, Maize, Vegetables, Pulses","Kharif & Rabi","Loamy and lateritic soils","Medium"
Sipahijala,"Rice, Maize, Pulses, Pineapple, Banana","Kharif & Rabi","Loamy soils","Medium"
